﻿<?xml version="1.0" standalone="yes"?>
<Programs>
  <Progs>
    <ProgID>SetParameter</ProgID>
    <ProgName>Config</ProgName>
    <ModuleName>RickySQLTools</ModuleName>
    <SEQ>99</SEQ>
  </Progs>
  <Progs>
    <ProgID>Tables</ProgID>
    <ProgName>Tables</ProgName>
    <ModuleName>RickySQLTools</ModuleName>
    <SEQ>2</SEQ>
  </Progs>
  <Progs>
    <ProgID>XmlCompare</ProgID>
    <ProgName>Xml Compare</ProgName>
    <ModuleName>RickySQLTools</ModuleName>
    <SEQ>3</SEQ>
  </Progs>
</Programs>